id;title;photo_url;photo;photo_content_type;code;video;video_content_type;video_url;master_description
1;استادمعین متقاعد اموردفتری;جریان کلاه کامپیوتر;../fake-data/blob/hipster.png;image/png;back-end موزیک نارنجی;../fake-data/blob/hipster.png;image/png;جهانی bus;back-end بنفش
2;bypass;کرون سوله باغ;../fake-data/blob/hipster.png;image/png;طلایی انسان RAM;../fake-data/blob/hipster.png;image/png;توپ تحلیلگر بتنی;پرداخت
3;فاطمی آسمانی استفاده;مدیره copy خدمتگزار;../fake-data/blob/hipster.png;image/png;ماوس;../fake-data/blob/hipster.png;image/png;بحرانی SAS;haptic نپال منطقه
4;synthesizing برنامه transmitter;back-end;../fake-data/blob/hipster.png;image/png;SMS هویزه;../fake-data/blob/hipster.png;image/png;سوله mobile;همگرایی کاربردی
5;چند قرمز;جذاب;../fake-data/blob/hipster.png;image/png;آذربایجان;../fake-data/blob/hipster.png;image/png;خودرو راه کاربردی;بینی الگو پرداخت
6;مهندس;Borders کلاس;../fake-data/blob/hipster.png;image/png;زرد داخلی کردن;../fake-data/blob/hipster.png;image/png;متمرکز چهارم;جذاب توپ
7;سازی وام میراث;کردن حوله قدس;../fake-data/blob/hipster.png;image/png;منطقه reboot خوش;../fake-data/blob/hipster.png;image/png;اموردفتری;مغولستان گذاری دار
8;میز راهبردی;driver بلاکچین;../fake-data/blob/hipster.png;image/png;اردن;../fake-data/blob/hipster.png;image/png;Borders transmitter;copy مرکزی ها
9;گرانیتی;پویا فنی صابون;../fake-data/blob/hipster.png;image/png;ها تازه;../fake-data/blob/hipster.png;image/png;بازی مدیره;ریال ارگونومیک
10;مدرس دلار پاراگوئه;ارگونومیک;../fake-data/blob/hipster.png;image/png;اجباری;../fake-data/blob/hipster.png;image/png;bus;انداز
